market_hash_name,price_usd,volume,source
StatTrak™ SG 553 | Danger Close (Factory New),1.72,6,steam_market
M4A4 | Poly Mag (Factory New),4.74,78,steam_market
Galil AR | Acid Dart (Factory New),0.4,258,steam_market
USP-S | Ticket to Hell (Factory New),5.11,192,steam_market
Sawed-Off | Crimson Batik (Factory New),0.11,1770,steam_market
StatTrak™ P250 | Cassette (Factory New),1.0,65,steam_market
P90 | Ash Wood (Factory New),0.46,76,steam_market
MP7 | Short Ochre (Factory New),0.17,349,steam_market
Souvenir AUG | Snake Pit (Factory New),0.36,39,steam_market
MP9 | Buff Blue (Factory New),0.2,619,steam_market
SSG 08 | Acid Fade (Factory New),1.52,649,steam_market
XM1014 | Gum Wall Camo (Factory New),0.49,371,steam_market
Negev | Sour Grapes (Factory New),0.81,133,steam_market
AK-47 | Uncharted (Factory New),5.52,83,steam_market
Dual Berettas | Flora Carnivora (Minimal Wear),1.75,243,steam_market
UMP-45 | Motorized (Field-Tested),0.15,1526,steam_market
Tec-9 | Red Quartz (Factory New),0.92,193,steam_market
Five-SeveN | Sky Blue (Factory New),0.51,411,steam_market
Desert Eagle | Corinthian (Factory New),2.47,132,steam_market
MAC-10 | Light Box (Factory New),1.66,149,steam_market
AWP | Arsenic Spill (Factory New),2.5,214,steam_market
FAMAS | Palm (Factory New),0.12,276,steam_market
Glock-18 | Winterized (Factory New),4.67,78,steam_market
MP5-SD | Picnic (Field-Tested),0.06,834,steam_market
XM1014 | Canvas Cloud (Field-Tested),0.03,376,steam_market
Sawed-Off | Crimson Batik (Field-Tested),0.03,445,steam_market
Tec-9 | Banana Leaf (Factory New),0.4,360,steam_market
P90 | Mustard Gas (Field-Tested),0.06,562,steam_market
Dual Berettas | Rose Nacre (Field-Tested),0.06,628,steam_market
USP-S | Jawbreaker (Field-Tested),6.72,574,steam_market
MAC-10 | Light Box (Well-Worn),0.11,514,steam_market
MP5-SD | Snow Splash (Field-Tested),0.06,605,steam_market
Sawed-Off | Spirit Board (Field-Tested),0.12,845,steam_market
G3SG1 | Dream Glade (Field-Tested),0.96,585,steam_market
G3SG1 | Dream Glade (Well-Worn),0.88,277,steam_market
StatTrak™ MP5-SD | Necro Jr. (Minimal Wear),0.73,182,steam_market
Sawed-Off | Spirit Board (Well-Worn),0.11,486,steam_market
Galil AR | Cold Fusion (Minimal Wear),0.21,397,steam_market
UMP-45 | Facility Dark (Field-Tested),0.04,64,steam_market
Souvenir P250 | Drought (Factory New),0.04,213,steam_market
Souvenir MP7 | Prey (Factory New),0.06,136,steam_market
StatTrak™ Galil AR | Destroyer (Factory New),1.06,44,steam_market
Souvenir FAMAS | CaliCamo (Factory New),0.29,67,steam_market
Souvenir AUG | Spalted Wood (Factory New),0.14,53,steam_market
Souvenir SG 553 | Bleached (Factory New),0.06,150,steam_market
Sawed-Off | Snake Camo (Field-Tested),0.06,334,steam_market
StatTrak™ SG 553 | Ol' Rusty (Battle-Scarred),0.16,24,steam_market
StatTrak™ M249 | O.S.I.P.R. (Minimal Wear),1.01,38,steam_market
MAC-10 | Calf Skin (Field-Tested),0.16,501,steam_market
MP7 | Just Smile (Minimal Wear),1.64,372,steam_market
AWP | Safari Mesh (Minimal Wear),0.42,342,steam_market
Sealed Graffiti | Karambit (Princess Pink),0.05,30,steam_market
Sealed Graffiti | Worry (Dust Brown),0.03,10,steam_market
Sealed Graffiti | Double (Battle Green),0.04,40,steam_market
Sealed Graffiti | NaCl (Shark White),0.04,427,steam_market
Zeus x27 | Swamp DDPAT (Field-Tested),0.03,180,steam_market
Dreams & Nightmares Case,2.34,147506,steam_market
SSG 08 | Dezastre (Minimal Wear),0.3,648,steam_market
Nova | Dark Sigil (Factory New),0.86,367,steam_market
SG 553 | Safari Print (Minimal Wear),0.03,737,steam_market
CZ75-Auto | Honey Paisley (Field-Tested),0.03,563,steam_market
SG 553 | Basket Halftone (Minimal Wear),0.09,439,steam_market
MAC-10 | Light Box (Field-Tested),0.15,1043,steam_market
SSG 08 | Calligrafaux (Well-Worn),0.07,359,steam_market
SSG 08 | Calligrafaux (Field-Tested),0.1,662,steam_market
FAMAS | Palm (Field-Tested),0.03,367,steam_market
G3SG1 | Green Cell (Factory New),0.09,264,steam_market
PP-Bizon | Wood Block Camo (Field-Tested),0.03,163,steam_market
P250 | Copper Oxide (Field-Tested),0.03,498,steam_market
SG 553 | Night Camo (Field-Tested),0.03,673,steam_market
Dual Berettas | Twin Turbo (Minimal Wear),9.68,12,steam_market
Tec-9 | Garter-9 (Minimal Wear),0.26,614,steam_market
Galil AR | O-Ranger (Minimal Wear),0.14,518,steam_market
"Sticker | mezii (Foil, Champion) | Austin 2025",0.05,49,steam_market
"Sticker | apEX (Foil, Champion) | Austin 2025",0.07,37,steam_market
"Sticker | ropz (Foil, Champion) | Austin 2025",0.15,76,steam_market
Sticker | FlameZ (Champion) | Austin 2025,0.03,8,steam_market
Sticker | ropz (Champion) | Austin 2025,0.07,186,steam_market
Sticker | ZywOo (Champion) | Austin 2025,0.04,249,steam_market
Sticker | apEX (Champion) | Austin 2025,0.03,49,steam_market
"Sticker | ZywOo (Foil, Champion) | Austin 2025",0.25,130,steam_market
MAC-10 | Calf Skin (Minimal Wear),0.27,287,steam_market
MP9 | Sand Dashed (Field-Tested),0.04,148,steam_market
Souvenir PP-Bizon | Anolis (Field-Tested),0.03,81,steam_market
Souvenir SG 553 | Bleached (Field-Tested),0.03,97,steam_market
Souvenir MP7 | Prey (Minimal Wear),0.03,217,steam_market
Souvenir UMP-45 | Mudder (Field-Tested),0.04,33,steam_market
MP5-SD | Necro Jr. (Minimal Wear),0.3,528,steam_market
Galil AR | Grey Smoke (Field-Tested),0.03,164,steam_market
SCAR-20 | Poultrygeist (Field-Tested),0.12,1000,steam_market
G3SG1 | Desert Storm (Field-Tested),0.04,308,steam_market
XM1014 | Canvas Cloud (Battle-Scarred),0.03,114,steam_market
Nova | Mandrel (Well-Worn),0.04,12,steam_market
P250 | Sand Dune (Field-Tested),0.04,412,steam_market
Dual Berettas | BorDeux (Field-Tested),0.03,188,steam_market
Sealed Graffiti | Speechless (Tracer Yellow),0.04,19,steam_market
Dual Berettas | Colony (Minimal Wear),0.08,86,steam_market
MP7 | Army Recon (Field-Tested),0.03,56,steam_market
Sticker | donk (Champion) | Shanghai 2024,0.06,621,steam_market
Sticker | sh1ro (Champion) | Shanghai 2024,0.03,45,steam_market
Sticker | zont1x (Champion) | Shanghai 2024,0.03,28,steam_market
"Sticker | sh1ro (Glitter, Champion) | Shanghai 2024",0.04,68,steam_market
Sticker | JT (Glitter) | Shanghai 2024,0.15,3,steam_market
Sticker | MATYS | Shanghai 2024,0.04,5,steam_market
Sticker | Techno4K | Shanghai 2024,0.05,1,steam_market
Sticker | 910 | Shanghai 2024,0.1,4,steam_market
Sticker | yuurih (Glitter) | Shanghai 2024,0.61,4,steam_market
Sticker | chopper (Champion) | Shanghai 2024,0.03,7,steam_market
"Sticker | chopper (Glitter, Champion) | Shanghai 2024",0.03,58,steam_market
MP5-SD | Co-Processor (Well-Worn),0.25,6,steam_market
Souvenir MP7 | Prey (Field-Tested),0.03,218,steam_market
Sealed Graffiti | Loser (Violent Violet),0.06,67,steam_market
Souvenir SSG 08 | Jungle Dashed (Field-Tested),0.03,41,steam_market
Five-SeveN | Forest Night (Field-Tested),0.04,187,steam_market
USP-S | Cyrex (Minimal Wear),6.1,119,steam_market
AWP | Fever Dream (Field-Tested),19.35,68,steam_market
Glock-18 | Water Elemental (Field-Tested),26.91,68,steam_market
Desert Eagle | Heat Treated (Well-Worn),1.87,781,steam_market
Desert Eagle | Tilted (Minimal Wear),0.41,2187,steam_market
AUG | Sweeper (Field-Tested),0.03,383,steam_market
SSG 08 | Necropos (Factory New),15.42,7,steam_market
SG 553 | Cyberforce (Minimal Wear),0.29,502,steam_market
Tec-9 | Re-Entry (Factory New),20.21,43,steam_market
M4A1-S | Basilisk (Field-Tested),11.5,86,steam_market
Sealed Graffiti | GGEZ (Monarch Blue),0.05,25,steam_market
P250 | Mint Kimono (Minimal Wear),15.68,10,steam_market
SG 553 | Tiger Moth (Field-Tested),2.42,18,steam_market
Nova | Koi (Factory New),5.55,30,steam_market
FAMAS | Neural Net (Factory New),25.0,13,steam_market
StatTrak™ Five-SeveN | Nightshade (Factory New),7.91,1,steam_market
StatTrak™ P90 | Module (Factory New),4.0,13,steam_market
MAC-10 | Rangeen (Factory New),3.72,10,steam_market
StatTrak™ UMP-45 | Labyrinth (Factory New),1.15,7,steam_market
Souvenir M249 | Contrast Spray (Minimal Wear),0.06,12,steam_market
AK-47 | Slate (Field-Tested),7.18,892,steam_market
AWP | Atheris (Field-Tested),7.45,513,steam_market
P250 | Metallic DDPAT (Factory New),0.28,843,steam_market
Sticker | HooXi (Glitter) | Copenhagen 2024,0.08,8,steam_market
Sticker | EliGE | Copenhagen 2024,0.03,26,steam_market
Sticker | n0rb3r7 | Copenhagen 2024,0.03,18,steam_market
Sticker | magixx | Copenhagen 2024,0.03,38,steam_market
Sticker | FL1T | Copenhagen 2024,0.03,5,steam_market
Sticker | xertioN | Copenhagen 2024,0.03,36,steam_market
Sticker | JT | Copenhagen 2024,0.03,12,steam_market
Sticker | chopper (Glitter) | Copenhagen 2024,0.14,8,steam_market
Sticker | lux (Glitter) | Copenhagen 2024,0.07,8,steam_market
Sticker | PGL | Copenhagen 2024,0.03,7,steam_market
Sticker | BLAST.tv | Paris 2023,0.03,150,steam_market
"Sticker | dupreeh (Glitter, Champion) | Paris 2023",0.04,22,steam_market
Sticker | Magisk (Champion) | Paris 2023,0.03,19,steam_market
"Sticker | ZywOo (Glitter, Champion) | Paris 2023",0.08,138,steam_market
Sticker | apEX (Champion) | Paris 2023,0.03,6,steam_market
Sticker | Spinx (Champion) | Paris 2023,0.03,6,steam_market
Sticker | ZywOo (Champion) | Paris 2023,0.03,119,steam_market
Sealed Graffiti | Worry (Blood Red),0.06,64,steam_market
AUG | Torque (Field-Tested),9.6,8,steam_market
Souvenir Glock-18 | Night (Field-Tested),0.76,40,steam_market
Sealed Graffiti | Bling (Dust Brown),0.04,7,steam_market
Sealed Graffiti | Noscope (Bazooka Pink),0.04,27,steam_market
Sealed Graffiti | GGWP (SWAT Blue),0.04,23,steam_market
Sealed Graffiti | King Me (Monster Purple),0.07,50,steam_market
Sealed Graffiti | Karambit (Monster Purple),0.04,26,steam_market
Sealed Graffiti | Sorry (Desert Amber),0.04,27,steam_market
StatTrak™ USP-S | Torque (Factory New),7.26,30,steam_market
Glock-18 | Catacombs (Factory New),8.54,30,steam_market
StatTrak™ MP9 | Bioleak (Factory New),2.11,18,steam_market
Revolution Case,0.53,119237,steam_market
MAG-7 | Copper Oxide (Well-Worn),0.04,29,steam_market
MP7 | Short Ochre (Field-Tested),0.03,470,steam_market
Kilowatt Case,0.41,137386,steam_market
Tec-9 | Army Mesh (Field-Tested),0.03,298,steam_market
Recoil Case,0.65,62735,steam_market
SSG 08 | Blue Spruce (Well-Worn),0.04,228,steam_market
P250 | Sedimentary (Minimal Wear),0.11,513,steam_market
MAG-7 | Insomnia (Well-Worn),0.12,558,steam_market
Dual Berettas | Rose Nacre (Minimal Wear),0.14,371,steam_market
MP9 | Multi-Terrain (Minimal Wear),0.03,376,steam_market
R8 Revolver | Amber Fade (Field-Tested),1.89,509,steam_market
MAG-7 | Rust Coat (Field-Tested),0.04,151,steam_market
USP-S | Check Engine (Field-Tested),1.33,364,steam_market
StatTrak™ Five-SeveN | Scrawl (Minimal Wear),0.4,161,steam_market
PP-Bizon | Wood Block Camo (Minimal Wear),0.03,462,steam_market
G3SG1 | Green Cell (Field-Tested),0.03,140,steam_market
SCAR-20 | Short Ochre (Field-Tested),0.03,138,steam_market
Sawed-Off | Forest DDPAT (Field-Tested),0.04,98,steam_market
StatTrak™ Galil AR | Signal (Field-Tested),2.08,44,steam_market
SG 553 | Phantom (Field-Tested),1.38,75,steam_market
Nova | Candy Apple (Field-Tested),0.2,73,steam_market
Glock-18 | Block-18 (Field-Tested),0.76,1131,steam_market
MAC-10 | Silver (Factory New),0.43,558,steam_market
StatTrak™ UMP-45 | Primal Saber (Field-Tested),17.54,17,steam_market
XM1014 | Blue Spruce (Field-Tested),0.03,150,steam_market
Nova | Mandrel (Field-Tested),0.04,24,steam_market
Tec-9 | Urban DDPAT (Field-Tested),0.03,118,steam_market
Glock-18 | Candy Apple (Minimal Wear),1.87,353,steam_market
UMP-45 | Mudder (Minimal Wear),0.09,185,steam_market
MP7 | Forest DDPAT (Battle-Scarred),0.03,17,steam_market
G3SG1 | Jungle Dashed (Minimal Wear),0.08,59,steam_market
USP-S | Ticket to Hell (Field-Tested),0.92,1821,steam_market
StatTrak™ Tec-9 | Rebel (Minimal Wear),0.31,128,steam_market
M4A4 | Poly Mag (Minimal Wear),0.3,593,steam_market
M249 | O.S.I.P.R. (Field-Tested),0.32,257,steam_market
StatTrak™ MAC-10 | Monkeyflage (Field-Tested),0.15,90,steam_market
Negev | Ultralight (Field-Tested),0.13,336,steam_market
Souvenir PP-Bizon | Urban Dashed (Minimal Wear),0.76,1,steam_market
P250 | Boreal Forest (Field-Tested),0.03,192,steam_market
Dual Berettas | Contractor (Field-Tested),0.03,311,steam_market
AWP | Atheris (Battle-Scarred),5.2,153,steam_market
Sealed Graffiti | GGWP (Dust Brown),0.04,10,steam_market
G3SG1 | Jungle Dashed (Field-Tested),0.03,224,steam_market
R8 Revolver | Cobalt Grip (Field-Tested),0.03,594,steam_market
Sealed Graffiti | Death Sentence (Dust Brown),0.04,13,steam_market
SCAR-20 | Contractor (Field-Tested),0.03,121,steam_market
Negev | Bulkhead (Minimal Wear),0.11,202,steam_market
Souvenir PP-Bizon | Anolis (Factory New),0.05,203,steam_market
Sealed Graffiti | King Me (Desert Amber),0.05,23,steam_market
★ Hydra Gloves | Mangrove (Field-Tested),53.21,49,steam_market
Clutch Case,1.2,11178,steam_market
Souvenir P250 | Drought (Minimal Wear),0.03,204,steam_market
MP9 | Slide (Field-Tested),0.04,1726,steam_market
Snakebite Case,1.04,19108,steam_market
AK-47 | Frontside Misty (Field-Tested),25.0,172,steam_market
PP-Bizon | Facility Sketch (Minimal Wear),0.03,176,steam_market
Sticker | Natus Vincere | 2020 RMR,0.06,370,steam_market
Sticker | Ninjas in Pyjamas | 2020 RMR,0.03,135,steam_market
Sticker | Vitality | 2020 RMR,0.03,97,steam_market
Sticker | Evil Geniuses | 2020 RMR,0.03,44,steam_market
Sticker | Heroic | 2020 RMR,0.03,95,steam_market
Danger Zone Case,2.5,10601,steam_market
MP7 | Neon Ply (Well-Worn),3.73,8,steam_market
Sealed Graffiti | 8-Ball (Frog Green),0.04,14,steam_market
CZ75-Auto | Circaetus (Minimal Wear),0.49,106,steam_market
Sealed Graffiti | Rage Mode (Blood Red),0.04,19,steam_market
Prisma Case,2.67,9765,steam_market
Galil AR | Black Sand (Field-Tested),0.8,86,steam_market
AUG | Ricochet (Minimal Wear),0.71,43,steam_market
Sealed Graffiti | Keep the Change (Frog Green),0.04,133,steam_market
SG 553 | Pulse (Field-Tested),3.49,65,steam_market
Glock-18 | Moonrise (Minimal Wear),2.47,245,steam_market
Sealed Graffiti | Keep the Change (Cash Green),0.04,194,steam_market
AWP | Asiimov (Well-Worn),130.9,8,steam_market
Desert Eagle | Midnight Storm (Minimal Wear),44.11,5,steam_market
P250 | Asiimov (Field-Tested),17.8,68,steam_market
Glove Case,18.93,1916,steam_market
Sealed Graffiti | Lambda (Monarch Blue),0.04,28,steam_market
M4A4 | Desolate Space (Field-Tested),19.9,159,steam_market
CZ75-Auto | Pole Position (Minimal Wear),3.45,32,steam_market
Chroma 3 Case,5.78,6886,steam_market
UMP-45 | Primal Saber (Factory New),40.63,2,steam_market
Sealed Graffiti | GTG (Monster Purple),0.05,37,steam_market
Sealed Graffiti | GGWP (Wire Blue),0.04,5,steam_market
Sealed Graffiti | Noscope (Princess Pink),0.03,47,steam_market
StatTrak™ SSG 08 | Slashed (Field-Tested),3.1,28,steam_market
Sealed Graffiti | Eat It (Monster Purple),0.05,94,steam_market
Sealed Graffiti | Jump Shot (Dust Brown),0.04,30,steam_market
Sealed Graffiti | Still Happy (Dust Brown),0.04,55,steam_market
Gamma 2 Case,5.01,4099,steam_market
Sealed Graffiti | 8-Ball (Cash Green),0.05,21,steam_market
MP9 | Ruby Poison Dart (Factory New),10.7,44,steam_market
Tec-9 | Isaac (Minimal Wear),7.13,22,steam_market
MP7 | Cirrus (Minimal Wear),1.95,86,steam_market
MAC-10 | Malachite (Minimal Wear),5.26,15,steam_market
Desert Eagle | Bronze Deco (Minimal Wear),0.53,124,steam_market
USP-S | Kill Confirmed (Minimal Wear),161.66,4,steam_market
Five-SeveN | Monkey Business (Field-Tested),17.84,52,steam_market
Operation Wildfire Case,6.48,1709,steam_market
Chroma 2 Case,6.87,4520,steam_market
Gamma Case,4.94,3460,steam_market
FAMAS | Pulse (Factory New),85.47,20,steam_market
SSG 08 | Sans Comic (Factory New),0.07,851,steam_market
MP7 | Just Smile (Field-Tested),0.8,684,steam_market
MP9 | Dizzy (Minimal Wear),0.03,341,steam_market
MAG-7 | Resupply (Well-Worn),0.11,414,steam_market
★ Butterfly Knife | Damascus Steel (Well-Worn),1099.83,0,steam_market
FAMAS | Grey Ghost (Minimal Wear),0.11,418,steam_market
"Music Kit | Denzel Curry, ULTIMATE",5.66,224,steam_market
R8 Revolver | Llama Cannon (Minimal Wear),14.86,14,steam_market
Desert Eagle | Printstream (Field-Tested),53.7,177,steam_market
Souvenir P90 | ScaraB Rush (Minimal Wear),21.75,0,steam_market
XM1014 | Solitude (Minimal Wear),5.79,18,steam_market
Galil AR | Rainbow Spoon (Field-Tested),54.0,32,steam_market
M249 | Sage Camo (Field-Tested),0.03,131,steam_market
Glock-18 | Ramese's Reach (Field-Tested),18.42,12,steam_market
AWP | Printstream (Field-Tested),75.0,134,steam_market
M4A4 | Desolate Space (Minimal Wear),35.1,44,steam_market
Primeiro Tenente | Brazilian 1st Battalion,78.39,21,steam_market
★ Hydra Gloves | Case Hardened (Field-Tested),101.17,19,steam_market
★ Nomad Knife | Damascus Steel (Minimal Wear),217.0,3,steam_market
AK-47 | Frontside Misty (Minimal Wear),45.84,28,steam_market
Sir Bloody Silent Darryl | The Professionals,64.78,50,steam_market
USP-S | Silent Shot (Minimal Wear),2.67,904,steam_market
PP-Bizon | Thermal Currents (Minimal Wear),0.03,777,steam_market
CZ75-Auto | Pink Pearl (Field-Tested),0.03,440,steam_market
MP9 | Bee-Tron (Field-Tested),0.03,711,steam_market
Sawed-Off | Spirit Board (Battle-Scarred),0.11,329,steam_market
Five-SeveN | Sky Blue (Minimal Wear),0.17,463,steam_market
M4A4 | Desert-Strike (Field-Tested),46.57,12,steam_market
Sealed Graffiti | Jump Shot (Brick Red),0.04,17,steam_market
FAMAS | Colony (Field-Tested),0.03,126,steam_market
Sealed Graffiti | Piggles (Monster Purple),0.1,74,steam_market
Dual Berettas | Ventilators (Field-Tested),0.47,57,steam_market
MP5-SD | Liquidation (Well-Worn),0.11,548,steam_market
SCAR-20 | Sand Mesh (Battle-Scarred),0.03,186,steam_market
Sealed Graffiti | Popdog (Desert Amber),0.04,45,steam_market
Sealed Graffiti | Heart (Monster Purple),0.24,218,steam_market
Dual Berettas | Stained (Well-Worn),0.15,49,steam_market
PP-Bizon | Sand Dashed (Battle-Scarred),0.04,18,steam_market
Sealed Graffiti | Lambda (Jungle Green),0.04,11,steam_market
UMP-45 | Urban DDPAT (Field-Tested),0.03,65,steam_market
UMP-45 | Facility Dark (Minimal Wear),0.03,169,steam_market
SCAR-20 | Sand Mesh (Field-Tested),0.03,67,steam_market
Galil AR | Sage Spray (Well-Worn),0.05,38,steam_market
Sealed Graffiti | Speechless (Brick Red),0.05,13,steam_market
Desert Eagle | Mudder (Field-Tested),0.08,282,steam_market
Sealed Graffiti | Toasted (War Pig Pink),0.03,29,steam_market
SG 553 | Waves Perforated (Battle-Scarred),0.04,24,steam_market
Five-SeveN | Coolant (Battle-Scarred),0.04,29,steam_market
Sealed Graffiti | Ninja (Battle Green),0.04,22,steam_market
Sealed Graffiti | Bling (Monarch Blue),0.03,55,steam_market
Sealed Graffiti | Rage Mode (Battle Green),0.04,10,steam_market
Sealed Graffiti | Sorry (Violent Violet),0.05,11,steam_market
MP9 | Slide (Well-Worn),0.04,152,steam_market
Souvenir MP5-SD | Lab Rats (Minimal Wear),0.54,558,steam_market
PP-Bizon | Sand Dashed (Well-Worn),0.04,6,steam_market
Sealed Graffiti | Chess King (Wire Blue),0.04,13,steam_market
Sealed Graffiti | Piggles (Tiger Orange),0.07,135,steam_market
Tec-9 | Groundwater (Field-Tested),0.04,95,steam_market
SG 553 | Army Sheen (Factory New),0.14,165,steam_market
FAMAS | Survivor Z (Minimal Wear),1.22,72,steam_market
MAC-10 | Palm (Field-Tested),0.06,314,steam_market
G3SG1 | Orange Crash (Field-Tested),0.47,80,steam_market
P90 | Grim (Field-Tested),0.34,216,steam_market
R8 Revolver | Bone Mask (Minimal Wear),0.08,79,steam_market
Desert Eagle | Mudder (Minimal Wear),0.31,100,steam_market
SG 553 | Waves Perforated (Field-Tested),0.04,217,steam_market
UMP-45 | Carbon Fiber (Minimal Wear),0.16,24,steam_market
P250 | Boreal Forest (Well-Worn),0.04,24,steam_market
SCAR-20 | Sand Mesh (Minimal Wear),0.07,213,steam_market
MAC-10 | Rangeen (Field-Tested),0.38,35,steam_market
P250 | Ripple (Field-Tested),0.55,68,steam_market
CZ75-Auto | Polymer (Field-Tested),0.74,69,steam_market
MP9 | Sand Dashed (Minimal Wear),0.07,162,steam_market
MAG-7 | Cobalt Core (Minimal Wear),0.74,13,steam_market
AWP | Safari Mesh (Field-Tested),0.18,768,steam_market
AK-47 | Safari Mesh (Field-Tested),0.11,1212,steam_market
FAMAS | Colony (Battle-Scarred),0.04,41,steam_market
FAMAS | Colony (Well-Worn),0.04,34,steam_market
Nova | Predator (Field-Tested),0.04,484,steam_market
R8 Revolver | Bone Mask (Field-Tested),0.04,225,steam_market
Tec-9 | Urban DDPAT (Battle-Scarred),0.04,43,steam_market
P90 | Sand Spray (Field-Tested),0.04,113,steam_market
Nova | Sand Dune (Field-Tested),0.03,111,steam_market
UMP-45 | Urban DDPAT (Minimal Wear),0.08,147,steam_market
Sealed Genesis Terminal,0.3,69881,steam_market
MP9 | Multi-Terrain (Factory New),0.09,418,steam_market
G3SG1 | Desert Storm (Well-Worn),0.03,54,steam_market
MP7 | Army Recon (Well-Worn),0.04,37,steam_market
P90 | Sand Spray (Battle-Scarred),0.04,16,steam_market
P250 | Plum Netting (Field-Tested),0.03,586,steam_market
PP-Bizon | Candy Apple (Factory New),0.3,431,steam_market
P250 | Facility Draft (Field-Tested),0.03,99,steam_market
G3SG1 | Green Cell (Well-Worn),0.03,46,steam_market
SSG 08 | Tiger Tear (Minimal Wear),0.15,506,steam_market
UMP-45 | Facility Dark (Factory New),0.12,358,steam_market
MAC-10 | Ensnared (Well-Worn),0.14,306,steam_market
M4A4 | Naval Shred Camo (Minimal Wear),0.18,575,steam_market
MAG-7 | Insomnia (Field-Tested),0.12,720,steam_market
SSG 08 | Mainframe 001 (Field-Tested),0.13,533,steam_market
SG 553 | Basket Halftone (Field-Tested),0.06,710,steam_market
MP5-SD | Dirt Drop (Field-Tested),0.03,47,steam_market
G3SG1 | Green Cell (Minimal Wear),0.03,67,steam_market
UMP-45 | Mudder (Field-Tested),0.04,79,steam_market
Glock-18 | Winterized (Field-Tested),0.14,690,steam_market
P2000 | Gnarled (Field-Tested),0.13,308,steam_market
P2000 | Lifted Spirits (Well-Worn),0.12,510,steam_market
Sawed-Off | Kiss♥Love (Field-Tested),5.2,228,steam_market
M4A4 | Poly Mag (Field-Tested),0.14,479,steam_market
MAG-7 | Foresight (Field-Tested),0.12,1160,steam_market
M4A4 | Tooth Fairy (Factory New),28.54,99,steam_market
Five-SeveN | Coolant (Field-Tested),0.03,191,steam_market
Five-SeveN | Autumn Thicket (Field-Tested),0.03,469,steam_market
USP-S | Ticket to Hell (Minimal Wear),1.55,802,steam_market
Dual Berettas | Colony (Field-Tested),0.04,230,steam_market
Negev | Army Sheen (Minimal Wear),0.05,93,steam_market
StatTrak™ Five-SeveN | Scrawl (Field-Tested),0.18,239,steam_market
SCAR-20 | Sand Mesh (Well-Worn),0.03,54,steam_market
FAMAS | Meow 36 (Battle-Scarred),0.12,217,steam_market
R8 Revolver | Crazy 8 (Factory New),10.54,17,steam_market
StatTrak™ SSG 08 | Mainframe 001 (Field-Tested),0.15,177,steam_market
Sawed-Off | Analog Input (Field-Tested),0.69,1095,steam_market
M4A4 | Etch Lord (Minimal Wear),1.9,452,steam_market
SG 553 | Cyberforce (Field-Tested),0.12,914,steam_market
XM1014 | Irezumi (Battle-Scarred),0.1,289,steam_market
MP5-SD | Liquidation (Battle-Scarred),0.13,313,steam_market
Nova | Candy Apple (Minimal Wear),0.2,277,steam_market
MAG-7 | Rust Coat (Battle-Scarred),0.04,411,steam_market
G3SG1 | VariCamo (Field-Tested),0.06,183,steam_market
Glock-18 | Death Rattle (Field-Tested),0.14,238,steam_market
Fracture Case,0.97,48982,steam_market
AUG | Storm (Well-Worn),0.05,59,steam_market
P2000 | Granite Marbleized (Field-Tested),0.19,184,steam_market
SG 553 | Damascus Steel (Well-Worn),0.12,75,steam_market
AUG | Contractor (Field-Tested),0.03,113,steam_market
Sealed Graffiti | Eye Spy (Monarch Blue),0.04,28,steam_market
Sealed Graffiti | GTG (Desert Amber),0.04,13,steam_market
Sealed Graffiti | Death Sentence (Monster Purple),0.05,30,steam_market
Sealed Graffiti | Popdog (Tracer Yellow),0.04,20,steam_market
Sealed Graffiti | Sheriff (Shark White),0.04,9,steam_market
Sealed Graffiti | X-Axes (Blood Red),0.04,84,steam_market
Sealed Graffiti | Tombstone (Bazooka Pink),0.07,84,steam_market
Sealed Graffiti | Sorry (Cash Green),0.05,43,steam_market
Sealed Graffiti | Sorry (Princess Pink),0.04,19,steam_market
Sealed Graffiti | Double (Princess Pink),0.04,13,steam_market
M4A4 | Magnesium (Minimal Wear),1.49,244,steam_market
Sealed Graffiti | QQ (Brick Red),0.05,22,steam_market
Sealed Graffiti | Speechless (Dust Brown),0.04,18,steam_market
AUG | Storm (Field-Tested),0.04,196,steam_market
Sealed Graffiti | Tilt (Cash Green),0.04,18,steam_market
Sealed Graffiti | Noscope (Dust Brown),0.04,19,steam_market
Sealed Graffiti | X-Axes (SWAT Blue),0.04,41,steam_market
Sealed Graffiti | 8-Ball (War Pig Pink),0.05,31,steam_market
MAC-10 | Ensnared (Minimal Wear),0.28,498,steam_market
Souvenir R8 Revolver | Desert Brush (Minimal Wear),0.03,154,steam_market
Souvenir M249 | Midnight Palm (Field-Tested),0.05,167,steam_market
Sealed Graffiti | QQ (Desert Amber),0.04,30,steam_market
AUG | Contractor (Minimal Wear),0.08,133,steam_market
Sealed Graffiti | Still Happy (Brick Red),0.05,38,steam_market
Sealed Graffiti | King Me (Brick Red),0.06,19,steam_market
Sealed Graffiti | Keep the Change (Jungle Green),0.04,146,steam_market
Sealed Graffiti | Eye Spy (Battle Green),0.04,81,steam_market
Sealed Graffiti | Ninja (Brick Red),0.04,14,steam_market
Sealed Graffiti | Eco (SWAT Blue),0.04,16,steam_market
Sealed Graffiti | Karambit (Blood Red),0.04,63,steam_market
Sealed Graffiti | Karambit (Battle Green),0.04,14,steam_market
Sealed Graffiti | X-Axes (Jungle Green),0.04,3,steam_market
Sealed Graffiti | Worry (Tracer Yellow),0.04,24,steam_market
Sealed Graffiti | Lambda (Monster Purple),0.04,41,steam_market
Sealed Graffiti | Toasted (Tiger Orange),0.04,89,steam_market
Sealed Graffiti | Speechless (Blood Red),0.05,42,steam_market
Sealed Graffiti | Rage Mode (Shark White),0.04,10,steam_market
Sealed Graffiti | GTG (Battle Green),0.04,7,steam_market
Sealed Graffiti | Still Happy (Battle Green),0.05,35,steam_market
Sealed Graffiti | Quickdraw (Violent Violet),0.05,17,steam_market
Sealed Graffiti | GGEZ (Tiger Orange),0.04,11,steam_market
Sealed Graffiti | Tilt (Desert Amber),0.04,11,steam_market
Sealed Graffiti | Lambda (Cash Green),0.04,24,steam_market
Sealed Graffiti | Backstab (Wire Blue),0.04,59,steam_market
Sealed Graffiti | King Me (Jungle Green),0.05,21,steam_market
Sealed Graffiti | Rage Mode (Brick Red),0.04,39,steam_market
PP-Bizon | Thermal Currents (Field-Tested),0.03,819,steam_market
P2000 | Marsh (Minimal Wear),0.14,397,steam_market
Tec-9 | Slag (Field-Tested),0.12,1024,steam_market
Galil AR | Crimson Tsunami (Minimal Wear),5.55,40,steam_market
PP-Bizon | Space Cat (Minimal Wear),1.2,318,steam_market
M249 | Downtown (Field-Tested),0.74,582,steam_market
MP7 | Just Smile (Well-Worn),0.64,343,steam_market
Patch | Bravo,0.21,71,steam_market
M4A4 | Steel Work (Field-Tested),0.06,968,steam_market
StatTrak™ XM1014 | Irezumi (Minimal Wear),0.31,132,steam_market
M4A1-S | Liquidation (Minimal Wear),7.54,278,steam_market
Sticker | paiN Gaming | Budapest 2025,0.03,9,steam_market
Sticker | Vitality | Budapest 2025,0.03,63,steam_market
Sticker | paiN Gaming (Embroidered) | Budapest 2025,0.03,37,steam_market
Sticker | FalleN | Austin 2025,0.42,74,steam_market
Sticker | FalleN | Copenhagen 2024,0.48,42,steam_market
XM1014 | Irezumi (Minimal Wear),0.26,674,steam_market
StatTrak™ Dual Berettas | Flora Carnivora (Well-Worn),0.92,50,steam_market
StatTrak™ M249 | Aztec (Battle-Scarred),1.58,0,steam_market
★ Shadow Daggers | Rust Coat (Battle-Scarred),64.07,23,steam_market
AWP | Phobos (Factory New),10.65,40,steam_market
XM1014 | Blue Steel (Field-Tested),0.08,125,steam_market
Sticker | Kyojin | Stockholm 2021,0.03,59,steam_market
Sticker | Fade Lethal,1.24,0,steam_market
FAMAS | Mecha Industries (Field-Tested),48.69,21,steam_market
StatTrak™ Glock-18 | Off World (Field-Tested),0.77,76,steam_market
Sticker | Spirit | 2020 RMR,0.09,665,steam_market
Sticker | Boom | 2020 RMR,0.04,171,steam_market
Sticker | Virtus.pro | 2020 RMR,0.05,305,steam_market
Sticker | Gen.G | 2020 RMR,0.03,71,steam_market
Sticker | ESPADA | 2020 RMR,0.03,45,steam_market
Sticker | North | 2020 RMR,0.04,327,steam_market
Sticker | ESPADA (Holo) | 2020 RMR,0.23,87,steam_market
Sticker | Renegades | 2020 RMR,0.04,152,steam_market
Sticker | Renegades (Holo) | 2020 RMR,0.43,79,steam_market
Sticker | Virtus.pro (Holo) | 2020 RMR,0.34,41,steam_market
Sticker | Gen.G (Holo) | 2020 RMR,0.23,19,steam_market
Sticker | North (Holo) | 2020 RMR,0.62,54,steam_market
Sticker | TYLOO | 2020 RMR,0.12,216,steam_market
Sticker | FaZe (Holo) | 2020 RMR,0.96,54,steam_market
Sticker | Boom (Holo) | 2020 RMR,0.53,91,steam_market
StatTrak™ Desert Eagle | Oxide Blaze (Field-Tested),1.34,75,steam_market
StatTrak™ Tec-9 | Flash Out (Minimal Wear),0.95,15,steam_market
StatTrak™ P250 | Wingshot (Well-Worn),4.3,2,steam_market
StatTrak™ SSG 08 | Abyss (Field-Tested),1.35,54,steam_market
Souvenir XM1014 | Urban Perforated (Minimal Wear),0.62,9,steam_market
Souvenir PP-Bizon | Carbon Fiber (Factory New),1.32,8,steam_market
Souvenir MP5-SD | Dirt Drop (Well-Worn),0.06,9,steam_market
Souvenir UMP-45 | Mudder (Battle-Scarred),0.04,8,steam_market
Souvenir Nova | Mandrel (Field-Tested),0.04,28,steam_market
StatTrak™ MAG-7 | SWAG-7 (Field-Tested),1.41,34,steam_market
Souvenir G3SG1 | Safari Mesh (Field-Tested),0.34,3,steam_market
FAMAS | Grey Ghost (Field-Tested),0.07,771,steam_market
StatTrak™ P2000 | Ivory (Minimal Wear),1.24,13,steam_market
Sealed Graffiti | Ninja (Blood Red),0.05,31,steam_market
'Medium Rare' Crasswater | Guerrilla Warfare,53.21,14,steam_market
Sealed Graffiti | Keep the Change (Battle Green),0.04,75,steam_market
Sealed Graffiti | Sorry (Battle Green),0.05,40,steam_market
M4A1-S | Solitude (Field-Tested),2.95,1246,steam_market
Lt. Commander Ricksaw | NSWC SEAL,42.0,67,steam_market
Glock-18 | Vogue (Minimal Wear),8.63,152,steam_market
AK-47 | Wasteland Rebel (Field-Tested),116.53,9,steam_market
AWP | Atheris (Minimal Wear),11.97,207,steam_market
MAC-10 | Candy Apple (Minimal Wear),0.28,336,steam_market
P250 | Sand Dune (Factory New),3.45,35,steam_market
StatTrak™ Desert Eagle | Light Rail (Field-Tested),6.07,91,steam_market
"Music Kit | Daniel Sadowski, Total Domination",5.37,13,steam_market
Souvenir MP9 | Storm (Field-Tested),0.4,75,steam_market
StatTrak™ Galil AR | Firefight (Field-Tested),2.69,17,steam_market
CZ75-Auto | Honey Paisley (Factory New),0.11,884,steam_market
Sealed Dead Hand Terminal,3.39,91315,steam_market
R8 Revolver | Mauve Aside (Field-Tested),0.03,1030,steam_market
P250 | Sedimentary (Field-Tested),0.07,954,steam_market
Glock-18 | Ocean Topo (Factory New),0.89,452,steam_market
M4A1-S | Glitched Paint (Field-Tested),3.22,337,steam_market
M4A4 | Evil Daimyo (Field-Tested),4.9,170,steam_market
USP-S | Lead Conduit (Well-Worn),0.93,58,steam_market
AK-47 | Elite Build (Battle-Scarred),2.24,282,steam_market
AUG | Commando Company (Minimal Wear),0.03,299,steam_market
R8 Revolver | Leafhopper (Field-Tested),0.07,532,steam_market
SSG 08 | Hand Brake (Minimal Wear),2.71,61,steam_market
Desert Eagle | Mecha Industries (Battle-Scarred),7.84,60,steam_market
MAG-7 | MAGnitude (Minimal Wear),0.37,273,steam_market
StatTrak™ P250 | Cassette (Field-Tested),0.16,150,steam_market
MP9 | Ruby Poison Dart (Minimal Wear),3.46,64,steam_market
StatTrak™ M4A1-S | Night Terror (Field-Tested),2.99,455,steam_market
Dual Berettas | Hydro Strike (Minimal Wear),3.75,45,steam_market
MP7 | Motherboard (Minimal Wear),0.1,221,steam_market
AWP | Acheron (Field-Tested),1.05,845,steam_market
Five-SeveN | Orange Peel (Field-Tested),0.06,350,steam_market
Glock-18 | Umbral Rabbit (Minimal Wear),1.3,453,steam_market
Five-SeveN | Scumbria (Battle-Scarred),0.29,23,steam_market
MAC-10 | Oceanic (Field-Tested),0.35,195,steam_market
Souvenir AUG | Sweeper (Battle-Scarred),0.06,6,steam_market
M4A4 | Aeolian Dark (Field-Tested),0.06,830,steam_market
M4A4 | Steel Work (Minimal Wear),0.12,585,steam_market
SCAR-20 | Zinc (Field-Tested),0.03,50,steam_market
R8 Revolver | Leafhopper (Battle-Scarred),0.07,92,steam_market
PP-Bizon | Bizoom (Field-Tested),0.03,85,steam_market
Five-SeveN | Autumn Thicket (Battle-Scarred),0.03,52,steam_market
Dual Berettas | BorDeux (Minimal Wear),0.03,384,steam_market
SCAR-20 | Zinc (Factory New),0.08,467,steam_market
SSG 08 | Grey Smoke (Minimal Wear),0.03,427,steam_market
MP5-SD | Lime Hex (Battle-Scarred),0.03,13,steam_market
FAMAS | Byproduct (Field-Tested),0.03,137,steam_market
Nova | Currents (Field-Tested),0.03,30,steam_market
MAC-10 | Bronzer (Field-Tested),0.03,220,steam_market
FAMAS | Palm (Well-Worn),0.04,28,steam_market
P250 | Copper Oxide (Minimal Wear),0.04,323,steam_market
Dual Berettas | BorDeux (Factory New),0.14,216,steam_market
Tec-9 | Raw Ceramic (Field-Tested),0.03,127,steam_market
Tec-9 | Raw Ceramic (Well-Worn),0.04,17,steam_market
Galil AR | Grey Smoke (Battle-Scarred),0.03,72,steam_market
P90 | Blue Tac (Minimal Wear),0.03,144,steam_market
Nova | Predator (Minimal Wear),0.13,239,steam_market
R8 Revolver | Nitro (Field-Tested),0.16,765,steam_market
Dual Berettas | Polished Malachite (Field-Tested),0.08,742,steam_market
P250 | Facility Draft (Minimal Wear),0.04,98,steam_market
PP-Bizon | Facility Sketch (Field-Tested),0.04,235,steam_market
MAC-10 | Poplar Thicket (Field-Tested),0.17,330,steam_market
Five-SeveN | Coolant (Minimal Wear),0.04,204,steam_market
MP9 | Orange Peel (Minimal Wear),0.26,115,steam_market
MP9 | Buff Blue (Battle-Scarred),0.03,187,steam_market
Tec-9 | Blue Blast (Field-Tested),0.03,486,steam_market
MP7 | Army Recon (Minimal Wear),0.07,150,steam_market
MAC-10 | Storm Camo (Well-Worn),0.04,39,steam_market
P2000 | Marsh (Field-Tested),0.06,515,steam_market
Five-SeveN | Autumn Thicket (Minimal Wear),0.03,203,steam_market
AUG | Commando Company (Field-Tested),0.04,172,steam_market
UMP-45 | Gunsmoke (Field-Tested),0.18,158,steam_market
P250 | Facility Draft (Factory New),0.13,424,steam_market
Five-SeveN | Forest Night (Well-Worn),0.05,17,steam_market
UMP-45 | Mudder (Well-Worn),0.03,72,steam_market
Galil AR | Sage Spray (Battle-Scarred),0.04,68,steam_market
UMP-45 | Facility Dark (Well-Worn),0.04,20,steam_market
G3SG1 | Polar Camo (Field-Tested),0.03,43,steam_market
SSG 08 | Blue Spruce (Field-Tested),0.04,292,steam_market
Glock-18 | High Beam (Factory New),0.28,1797,steam_market
PP-Bizon | Sand Dashed (Minimal Wear),0.08,92,steam_market
Galil AR | Sage Spray (Field-Tested),0.04,250,steam_market
Five-SeveN | Coolant (Well-Worn),0.04,39,steam_market
XM1014 | Blue Spruce (Well-Worn),0.04,32,steam_market
G3SG1 | Polar Camo (Minimal Wear),0.11,121,steam_market
StatTrak™ Five-SeveN | Scumbria (Field-Tested),0.34,20,steam_market
StatTrak™ MAC-10 | Carnivore (Minimal Wear),1.33,14,steam_market
Sealed Graffiti | Toasted (Monster Purple),0.04,51,steam_market
Sealed Graffiti | Eye Spy (Tiger Orange),0.04,13,steam_market
Sealed Graffiti | Chess King (Violent Violet),0.04,14,steam_market
Sealed Graffiti | Take Flight (Tracer Yellow),0.04,19,steam_market
Sealed Graffiti | Eye Spy (Frog Green),0.04,84,steam_market
Sealed Graffiti | Mr. Teeth (Cash Green),0.05,49,steam_market
